unique_number,name_en,states_name_en
230,Cultural Landscape and Archaeological Remains of the Bamiyan Valley,Afghanistan
234,Minaret and Archaeological Remains of Jam,Afghanistan
1590,Historic Centres of Berat and Gjirokastra ,Albania
1563,Butrint,Albania
111,Al Qal'a of Beni Hammad,Algeria
198,Tassili n'Ajjer,Algeria
209,M'Zab Valley,Algeria
212,Djémila,Algeria
214,Tipasa,Algeria
215,Timgad,Algeria
667,Kasbah of Algiers,Algeria
1487,Madriu-Perafita-Claror Valley,Andorra
2128,"Mbanza Kongo, Vestiges of the Capital of the former Kingdom of Kongo",Angola
2086,Antigua Naval Dockyard and Related Archaeological Sites,Antigua and Barbuda
160,Los Glaciares National Park,Argentina
340,Iguazu National Park,Argentina
1091,"Cueva de las Manos, Río Pinturas",Argentina
1092,Península Valdés,Argentina
1130,Ischigualasto / Talampaya Natural Parks,Argentina
1159,Jesuit Block and Estancias of Córdoba,Argentina
1295,Quebrada de Humahuaca,Argentina
2172,Los Alerces National Park,Argentina
2468,"ESMA Museum and Site of Memory – Former Clandestine Centre of Detention, Torture and Extermination",Argentina
920,Monasteries of Haghpat and Sanahin,Armenia
1124,Monastery of Geghard and the Upper Azat Valley,Armenia
1181,Cathedral and Churches of Echmiatsin and the Archaeological Site of Zvartnots,Armenia
1872,Kakadu National Park,Australia
172,Great Barrier Reef,Australia
1457,Sydney Opera House,Australia
185,Willandra Lakes Region,Australia
1950,Tasmanian Wilderness,Australia
206,Lord Howe Island Group,Australia
422,Gondwana Rainforests of Australia,Australia
519,Ulu<U>r</U>u-Kata Tju<U>t</U>a National Park,Australia
565,Wet Tropics of Queensland,Australia
683,Heard and McDonald Islands,Australia
684,"Shark Bay, Western Australia",Australia
747,Macquarie Island,Australia
748,K’gari (Fraser Island) ,Australia
826,Australian Fossil Mammal Sites (Riversleigh / Naracoorte),Australia
1071,Greater Blue Mountains Area,Australia
1272,Purnululu National Park,Australia
1730,Royal Exhibition Building and Carlton Gardens,Australia
1648,Australian Convict Sites,Australia
1763,Ningaloo Coast,Australia
2262,Budj Bim Cultural Landscape,Australia
927,Historic Centre of the City of Salzburg,Austria
928,Semmering Railway,Austria
929,Palace and Gardens of Schönbrunn,Austria
952,Hallstatt-Dachstein / Salzkammergut Cultural Landscape,Austria
1724,City of Graz – Historic Centre and Schloss Eggenberg,Austria
1134,Wachau Cultural Landscape,Austria
1206,Historic Centre of Vienna,Austria
1121,Walled City of Baku with the Shirvanshah's Palace and Maiden Tower,Azerbaijan
1474,Gobustan Rock Art Cultural Landscape,Azerbaijan
2333,Historic Centre of Sheki with the Khan’s Palace,Azerbaijan
2484,Cultural Landscape of Khinalig People and “Köç Yolu” Transhumance Route,Azerbaijan
2062,Qal’at al-Bahrain – Ancient Harbour and Capital of Dilmun,Bahrain
1859,"Pearling, Testimony of an Island Economy",Bahrain
2291,Dilmun Burial Mounds,Bahrain
365,Historic Mosque City of Bagerhat,Bangladesh
366,Ruins of the Buddhist Vihara at Paharpur,Bangladesh
943,The Sundarbans,Bangladesh
1786,Historic Bridgetown and its Garrison,Barbados
743,Mir Castle Complex,Belarus
1373,"Architectural, Residential and Cultural Complex of the Radziwill Family at Nesvizh",Belarus
1006,Flemish Béguinages,Belgium
1007,"The Four Lifts on the Canal du Centre and their Environs, La Louvière and Le Roeulx (Hainaut)",Belgium
1008,"La Grand-Place, Brussels",Belgium
1160,Historic Centre of Brugge,Belgium
1173,Major Town Houses of the Architect Victor Horta (Brussels),Belgium
1174,Neolithic Flint Mines at Spiennes (Mons),Belgium
1179,Notre-Dame Cathedral in Tournai,Belgium
1362,Plantin-Moretus House-Workshops-Museum Complex,Belgium
1578,Stoclet House,Belgium
1837,Major Mining Sites of Wallonia,Belgium
900,Belize Barrier Reef Reserve System,Belize
1560,Royal Palaces of Abomey,Benin
484,City of Potosí,Bolivia (Plurinational State of)
619,Jesuit Missions of the Chiquitos,Bolivia (Plurinational State of)
668,Historic City of Sucre,Bolivia (Plurinational State of)
670,Tiwanaku: Spiritual and Political Centre of the Tiwanaku Culture,Bolivia (Plurinational State of)
1035,Fuerte de Samaipata,Bolivia (Plurinational State of)
1131,Noel Kempff Mercado National Park,Bolivia (Plurinational State of)
1107,Old Bridge Area of the Old City of Mostar,Bosnia and Herzegovina
1437,Mehmed Paša Sokolović Bridge in Višegrad,Bosnia and Herzegovina
1191,Tsodilo,Botswana
1976,Okavango Delta,Botswana
136,Historic Town of Ouro Preto,Brazil
210,Historic Centre of the Town of Olinda,Brazil
348,Historic Centre of Salvador de Bahia,Brazil
380,Sanctuary of Bom Jesus do Congonhas,Brazil
408,Iguaçu National Park,Brazil
516,Brasilia,Brazil
719,Serra da Capivara National Park,Brazil
970,Historic Centre of São Luís,Brazil
1042,Historic Centre of the Town of Diamantina,Brazil
1044,Discovery Coast Atlantic Forest Reserves,Brazil
1045,Atlantic Forest South-East Reserves,Brazil
1157,Historic Centre of the Town of Goiás,Brazil
1163,Central Amazon Conservation Complex,Brazil
1164,Pantanal Conservation Area,Brazil
1166,Brazilian Atlantic Islands: Fernando de Noronha and Atol das Rocas Reserves,Brazil
2363,Cerrado Protected Areas: Chapada dos Veadeiros and Emas National Parks,Brazil
1843,Rio de Janeiro: Carioca Landscapes between the Mountain and the Sea,Brazil
1725,São Francisco Square in the Town of São Cristóvão,Brazil
2264,Paraty and Ilha Grande – Culture and Biodiversity,Brazil
2077,Pampulha Modern Ensemble,Brazil
2173,Valongo Wharf Archaeological Site,Brazil
2345,Sítio Roberto Burle Marx,Brazil
46,Boyana Church,Bulgaria
47,Madara Rider,Bulgaria
48,Thracian Tomb of Kazanlak,Bulgaria
49,Rock-Hewn Churches of Ivanovo,Bulgaria
239,Rila Monastery,Bulgaria
2566,Ancient City of Nessebar,Bulgaria
1621,Srebarna Nature Reserve,Bulgaria
1641,Pirin National Park,Bulgaria
412,Thracian Tomb of Sveshtari,Bulgaria
1696,Ruins of Loropéni,Burkina Faso
2290,Ancient Ferrous Metallurgy Sites of Burkina Faso,Burkina Faso
1600,"Cidade Velha, Historic Centre of Ribeira Grande",Cabo Verde
791,Angkor,Cambodia
1591,Temple of Preah Vihear,Cambodia
2140,"Temple Zone of Sambor Prei Kuk, Archaeological Site of Ancient Ishanapura",Cambodia
2434,Koh Ker: Archaeological Site of Ancient Lingapura or Chok Gargyar,Cambodia
470,Dja Faunal Reserve,Cameroon
2248,L’Anse aux Meadows National Historic Site,Canada
27,Nahanni National Park,Canada
75,Dinosaur Provincial Park,Canada
175,S<U>G</U>ang Gwaay,Canada
2405,Head-Smashed-In Buffalo Jump,Canada
286,Wood Buffalo National Park,Canada
336,Historic District of Old Québec,Canada
342,Canadian Rocky Mountain Parks,Canada
483,Gros Morne National Park,Canada
812,Miguasha National Park,Canada
875,Old Town Lunenburg,Canada
1475,Rideau Canal,Canada
1516,Joggins Fossil Cliffs,Canada
1828,Landscape of Grand Pré,Canada
1874,Red Bay Basque Whaling Station,Canada
2214,Pimachiowin Aki,Canada
2083,Mistaken Point,Canada
2431,Tr’ondëk-Klondike,Canada
2295,Writing-on-Stone / Áísínai’pi,Canada
2474,Anticosti,Canada
553,Manovo-Gounda St Floris National Park,Central African Republic
1824,Lakes of Ounianga,Chad
2091,Ennedi Massif: Natural and Cultural Landscape,Chad
846,Rapa Nui National Park,Chile
1123,Historic Quarter of the Seaport City of Valparaíso,Chile
2365,Churches of Chiloé,Chile
2364,Humberstone and Santa Laura Saltpeter Works,Chile
1391,Sewell Mining Town,Chile
2372,Settlement and Artificial Mummification of the Chinchorro Culture in the Arica and Parinacota Region,Chile
507,Mount Taishan,China
508,The Great Wall,China
510,Imperial Palaces of the Ming and Qing Dynasties in Beijing and Shenyang,China
511,Mogao Caves,China
512,Mausoleum of the First Qin Emperor,China
521,Peking Man Site at Zhoukoudian,China
1933,Mount Huangshan,China
757,Jiuzhaigou Valley Scenic and Historic Interest Area,China
758,Huanglong Scenic and Historic Interest Area,China
760,Wulingyuan Scenic and Historic Interest Area,China
831,"Mountain Resort and its Outlying Temples, Chengde",China
832,Temple and Cemetery of Confucius and the Kong Family Mansion in Qufu,China
833,Ancient Building Complex in the Wudang Mountains,China
837,"Historic Ensemble of the Potala Palace, Lhasa",China
921,Lushan National Park,China
922,"Mount Emei Scenic Area, including Leshan Giant Buddha Scenic Area",China
1934,Old Town of Lijiang,China
959,Ancient City of Ping Yao,China
961,Classical Gardens of Suzhou,China
1032,"Summer Palace, an Imperial Garden in Beijing",China
1033,Temple of Heaven: an Imperial Sacrificial Altar in Beijing,China
2245,Mount Wuyi,China
1065,Dazu Rock Carvings,China
1167,Mount Qingcheng and the Dujiangyan Irrigation System,China
1168,Ancient Villages in Southern Anhui – Xidi and Hongcun,China
1169,Longmen Grottoes,China
1172,Imperial Tombs of the Ming and Qing Dynasties,China
1213,Yungang Grottoes,China
1731,Three Parallel Rivers of Yunnan Protected Areas,China
1289,Historic Centre of Macao,China
1877,Cultural Landscape of Honghe Hani Rice Terraces ,China
1459,Kaiping Diaolou and Villages,China
1505,Fujian <em>Tulou</em>,China
1293,Yin Xu,China
1315,Capital Cities and Tombs of the Ancient Koguryo Kingdom,China
1390,"Sichuan Giant Panda Sanctuaries - Wolong, Mt Siguniang and Jiajin Mountains ",China
1965,South China Karst,China
1587,Mount Wutai,China
1523,Mount Sanqingshan National Park,China
1726,Historic Monuments of Dengfeng in “The Centre of Heaven and Earth”,China
1765,West Lake Cultural Landscape of Hangzhou,China
1676,China Danxia,China
1803,Chengjiang Fossil Site,China
1804,Site of Xanadu,China
1876,Xinjiang Tianshan,China
2181,The Grand Canal,China
2035,Tusi Sites,China
2100,Zuojiang Huashan Rock Art Cultural Landscape,China
2404,Hubei Shennongjia,China
2141,Qinghai Hoh Xil,China
2142,"Kulangsu, a Historic International Settlement",China
2224,Fanjingshan,China
2375,Quanzhou: Emporium of the World in Song-Yuan China,China
2277,Archaeological Ruins of Liangzhu City,China
2304,Migratory Bird Sanctuaries along the Coast of Yellow Sea-Bohai Gulf of China (Phase I),China
2430,Cultural Landscape of Old Tea Forests of the Jingmai Mountain in Pu’er,China
319,"Port, Fortresses and Group of Monuments, Cartagena",Colombia
841,Los Katíos National Park,Colombia
876,Historic Centre of Santa Cruz de Mompox,Colombia
877,National Archeological Park of Tierradentro,Colombia
878,San Agustín Archaeological Park,Colombia
1787,Coffee Cultural Landscape of Colombia,Colombia
2213,Chiribiquete National Park – “The Maloca of the Jaguar”,Colombia
1393,Malpelo Fauna and Flora Sanctuary,Colombia
2436,Forest Massif of Odzala-Kokoua,Congo
969,Cocos Island National Park,Costa Rica
1083,Area de Conservación Guanacaste,Costa Rica
1997,Precolumbian Chiefdom Settlements with Stone Spheres of the Diquís,Costa Rica
2508,Taï National Park,Côte d'Ivoire
2509,Comoé National Park,Côte d'Ivoire
1919,Historic Town of Grand-Bassam,Côte d'Ivoire
2391,Sudanese style mosques in northern Côte d’Ivoire,Côte d'Ivoire
2315,Old City of Dubrovnik,Croatia
105,Historical Complex of Split with the Palace of Diocletian,Croatia
106,Plitvice Lakes National Park,Croatia
956,Episcopal Complex of the Euphrasian Basilica in the Historic Centre of Poreč,Croatia
957,Historic City of Trogir,Croatia
1127,The Cathedral of St James in Šibenik,Croatia
1484,Stari Grad Plain,Croatia
225,Old Havana and its Fortification System,Cuba
535,Trinidad and the Valley de los Ingenios,Cuba
989,Alejandro de Humboldt National Park,Cuba
991,Viñales Valley,Cuba
992,"San Pedro de la Roca Castle, Santiago de Cuba",Cuba
1041,Desembarco del Granma National Park,Cuba
1178,Archaeological Landscape of the First Coffee Plantations in the South-East of Cuba,Cuba
1379,Urban Historic Centre of Cienfuegos ,Cuba
1482,Historic Centre of Camagüey,Cuba
85,Paphos,Cyprus
401,Painted Churches in the Troodos Region,Cyprus
1927,Choirokoitia,Cyprus
1928,Historic Centre of Prague,Czechia
732,Historic Centre of Český Krumlov,Czechia
738,Historic Centre of Telč,Czechia
816,Pilgrimage Church of St John of Nepomuk at Zelená Hora,Czechia
865,Kutná Hora: Historical Town Centre with the Church of St Barbara and the Cathedral of Our Lady at Sedlec,Czechia
899,Lednice-Valtice Cultural Landscape,Czechia
1010,Holy Trinity Column in Olomouc,Czechia
1011,Gardens and Castle at Kroměříž,Czechia
1012,Holašovice Historic Village,Czechia
1054,Litomyšl Castle,Czechia
1226,Tugendhat Villa in Brno,Czechia
2258,Jewish Quarter and St Procopius' Basilica in Třebíč,Czechia
2453,Žatec and the Landscape of Saaz Hops,Czechia
2455,Landscape for Breeding and Training of Ceremonial Carriage Horses at Kladruby nad Labem,Czechia
1269,Complex of Koguryo Tombs,Democratic People's Republic of Korea
1878,Historic Monuments and Sites in Kaesong,Democratic People's Republic of Korea
67,Virunga National Park,Democratic Republic of the Congo
149,Garamba National Park,Democratic Republic of the Congo
150,Kahuzi-Biega National Park,Democratic Republic of the Congo
314,Salonga National Park,Democratic Republic of the Congo
849,Okapi Wildlife Reserve,Democratic Republic of the Congo
822,Roskilde Cathedral,Denmark
824,Kronborg Castle,Denmark
2316,"Jelling Mounds, Runic Stones and Church",Denmark
2354,Ilulissat Icefjord,Denmark
1973,Stevns Klint,Denmark
2029,"Christiansfeld, a Moravian Church Settlement",Denmark
2030,The par force hunting landscape in North Zealand,Denmark
2154,Kujataa Greenland: Norse and Inuit Farming at the Edge of the Ice Cap,Denmark
2221,Aasivissuit – Nipisat. Inuit Hunting Ground between Ice and Sea,Denmark
2425,Viking-Age Ring Fortresses,Denmark
962,Morne Trois Pitons National Park,Dominica
615,Colonial City of Santo Domingo,Dominican Republic
4,Galápagos Islands,Ecuador
5,City of Quito,Ecuador
290,Sangay National Park,Ecuador
1014,Historic Centre of Santa Ana de los Ríos de Cuenca,Ecuador
92,Memphis and its Necropolis – the Pyramid Fields from Giza to Dahshur,Egypt
93,Ancient Thebes with its Necropolis,Egypt
94,Nubian Monuments from Abu Simbel to Philae,Egypt
95,Historic Cairo,Egypt
96,Abu Mena,Egypt
1116,Saint Catherine Area,Egypt
1363,Wadi Al-Hitan (Whale Valley),Egypt
799,Joya de Cerén Archaeological Site,El Salvador
2131,Asmara: A Modernist African City,Eritrea
1626,Historic Centre (Old Town) of Tallinn,Estonia
12,Simien National Park,Ethiopia
13,Lower Valley of the Awash,Ethiopia
15,Tiya,Ethiopia
18,Aksum,Ethiopia
20,Lower Valley of the Omo,Ethiopia
21,"Rock-Hewn Churches, Lalibela",Ethiopia
22,"Fasil Ghebbi, Gondar Region",Ethiopia
2449,Bale Mountains National Park,Ethiopia
1452,"Harar Jugol, the Fortified Historic Town",Ethiopia
1846,Konso Cultural Landscape,Ethiopia
2419,The Gedeo Cultural Landscape,Ethiopia
1886,Levuka Historical Port Town,Fiji
686,Bronze Age Burial Site of Sammallahdenmäki,Finland
1718,Old Rauma,Finland
690,Fortress of Suomenlinna,Finland
691,Petäjävesi Old Church,Finland
885,Verla Groundwood and Board Mill,Finland
2317,Mont-Saint-Michel and its Bay,France
1719,Chartres Cathedral,France
1571,Palace and Park of Versailles,France
1572,"Vézelay, Church and Hill",France
2569,Prehistoric Sites and Decorated Caves of the Vézère Valley,France
178,Palace and Park of Fontainebleau,France
1951,Amiens Cathedral,France
1568,"Roman Theatre and its Surroundings and the ""Triumphal Arch"" of Orange",France
182,"Arles, Roman and Romanesque Monuments",France
1565,Cistercian Abbey of Fontenay,France
1637,"From the Great Saltworks of Salins-les-Bains to the Royal Saltworks of Arc-et-Senans, the Production of Open-pan Salt ",France
254,"Historic Centre of Avignon: Papal Palace, Episcopal Ensemble and Avignon Bridge",France
2186,"Place Stanislas, Place de la Carrière and Place d'Alliance in Nancy",France
2118,Abbey Church of Saint-Savin sur Gartempe,France
288,"Gulf of Porto: Calanche of Piana, Gulf of Girolata, Scandola Reserve",France
1566,Pont du Gard (Roman Aqueduct),France
393,Historic Fortified City of Carcassonne,France
2156,"Strasbourg, Grande-Île and <em>Neustadt</em>",France
710,"Paris, Banks of the Seine",France
711,"Cathedral of Notre-Dame, Former Abbey of Saint-Rémi and Palace of Tau, Reims",France
1952,Bourges Cathedral,France
910,Canal du Midi,France
1019,Routes of Santiago de Compostela in France,France
1023,Historic Site of Lyon,France
1025,"Provins, Town of Medieval Fairs",France
1088,Jurisdiction of Saint-Emilion,France
2250,The Loire Valley between Sully-sur-Loire and Chalonnes,France
1531,Lagoons of New Caledonia: Reef Diversity and Associated Ecosystems,France
1848,"The Causses and the Cévennes, Mediterranean agro-pastoral Cultural Landscape",France
1358,"Le Havre, the City Rebuilt by Auguste Perret",France
1433,"Bordeaux, Port of the Moon",France
1514,Fortifications of Vauban,France
1604,"Pitons, cirques and remparts of Reunion Island",France
1663,Episcopal City of Albi,France
1776,Nord-Pas de Calais Mining Basin,France
2016,"The Climats, terroirs of Burgundy",France
1974,"Decorated Cave of Pont d’Arc, known as Grotte Chauvet-Pont d’Arc, Ardèche",France
2257,Chaîne des Puys - Limagne fault tectonic arena,France
2026,"Champagne Hillsides, Houses and Cellars",France
2155,Taputapuātea,France
2473,The Maison Carrée of Nîmes,France
2570,French Austral Lands and Seas,France
2349,Cordouan Lighthouse,France
2373,"Nice, Winter Resort Town of the Riviera",France
2422,Volcanoes and Forests of Mount Pelée and the Pitons of Northern Martinique,France
1547,Ecosystem and Relict Cultural Landscape of Lopé-Okanda,Gabon
2397,Ivindo National Park,Gabon
897,Kunta Kinteh Island and Related Sites,Gambia
2251,Historical Monuments of Mtskheta,Georgia
839,Upper Svaneti,Georgia
2243,Gelati Monastery,Georgia
2567,Colchic Rainforests and Wetlands,Georgia
1953,Aachen Cathedral ,Germany
186,Speyer Cathedral,Germany
1735,Würzburg Residence with the Court Gardens and Residence Square,Germany
1627,St Mary's Cathedral and St Michael's Church at Hildesheim,Germany
1864,Pilgrimage Church of Wies,Germany
1706,Hanseatic City of Lübeck,Germany
322,Castles of Augustusburg and Falkenlust at Brühl,Germany
1628,Cologne Cathedral,Germany
420,"Roman Monuments, Cathedral of St Peter and Church of Our Lady in Trier",Germany
1865,Abbey and Altenmünster of Lorsch,Germany
624,Palaces and Parks of Potsdam and Berlin,Germany
2356,Garden Kingdom of Dessau-Wörlitz,Germany
629,"Collegiate Church, Castle and Old Town of Quedlinburg",Germany
2357,Maulbronn Monastery Complex,Germany
1576,"Mines of Rammelsberg, Historic Town of Goslar and Upper Harz Water Management  System",Germany
742,Town of Bamberg,Germany
813,Völklingen Ironworks,Germany
1733,Messel Pit Fossil Site,Germany
2158,"Bauhaus and its Sites in Weimar, Dessau and Bernau",Germany
926,Luther Memorials in Eisleben and Wittenberg,Germany
997,Classical Weimar,Germany
1047,"Museumsinsel (Museum Island), Berlin",Germany
1048,Wartburg Castle,Germany
1138,Monastic Island of Reichenau,Germany
1139,Zollverein Coal Mine Industrial Complex in Essen,Germany
1243,Upper Middle Rhine Valley,Germany
1244,Historic Centres of Stralsund and Wismar,Germany
1265,Town Hall and Roland on the Marketplace of Bremen,Germany
1335,Old town of Regensburg with Stadtamhof,Germany
1416,Berlin Modernism Housing Estates,Germany
1778,Fagus Factory in Alfeld,Germany
1799,Margravial Opera House Bayreuth,Germany
1875,Bergpark Wilhelmshöhe,Germany
1990,Carolingian Westwork and Civitas Corvey,Germany
2028,Speicherstadt and Kontorhaus District with Chilehaus,Germany
2288,Naumburg Cathedral,Germany
2157,Caves and Ice Age Art in the Swabian Jura,Germany
2206,Archaeological Border complex of Hedeby and the Danevirke,Germany
2266,Water Management System of Augsburg,Germany
2326,Mathildenhöhe Darmstadt,Germany
2374,"ShUM Sites of Speyer, Worms and Mainz",Germany
2418,Jewish-Medieval Heritage of Erfurt,Germany
38,"Forts and Castles, Volta, Greater Accra, Central and Western Regions",Ghana
39,Asante Traditional Buildings,Ghana
452,Temple of Apollo Epicurius at Bassae,Greece
453,Archaeological Site of Delphi,Greece
467,"Acropolis, Athens",Greece
526,Mount Athos,Greece
527,Meteora,Greece
528,Paleochristian and Byzantine Monuments of Thessalonika,Greece
571,Sanctuary of Asklepios at Epidaurus,Greece
574,Medieval City of Rhodes,Greece
595,Archaeological Site of Mystras,Greece
603,Archaeological Site of Olympia,Greece
620,Delos,Greece
632,"Monasteries of Daphni, Hosios Loukas and Nea Moni of Chios",Greece
703,Pythagoreion and Heraion of Samos,Greece
923,Archaeological Site of Aigai (modern name Vergina),Greece
1097,Archaeological Sites of Mycenae and Tiryns,Greece
1098,The Historic Centre (Chorá) with the Monastery of Saint-John the Theologian and the Cave of the Apocalypse on the Island of Pátmos,Greece
1477,Old Town of Corfu,Greece
2109,Archaeological Site of Philippi,Greece
2483,Zagori Cultural Landscape,Greece
68,Tikal National Park,Guatemala
69,Antigua Guatemala,Guatemala
167,Archaeological Park and Ruins of Quirigua,Guatemala
2428,National Archaeological Park Tak’alik Ab’aj,Guatemala
199,"National History Park – Citadel, Sans Souci, Ramiers",Haiti
320,Vatican City,Holy See
2414,Maya Site of Copan,Honduras
217,Río Plátano Biosphere Reserve,Honduras
462,"Budapest, including the Banks of the Danube, the Buda Castle Quarter and Andrássy Avenue",Hungary
464,Old Village of Hollókő and its Surroundings,Hungary
552,Hortobágy National Park - the <i>Puszta</i>,Hungary
893,Millenary Benedictine Abbey of Pannonhalma and its Natural Environment,Hungary
1004,Early Christian Necropolis of Pécs (Sopianae),Hungary
1240,Tokaj Wine Region Historic Cultural Landscape,Hungary
1333,Þingvellir National Park,Iceland
1532,Surtsey,Iceland
2301,Vatnajökull National Park - Dynamic Nature of Fire and Ice,Iceland
1460,Red Fort Complex,India
2182,"Humayun's Tomb, Delhi",India
259,"Qutb Minar and its Monuments, Delhi",India
260,Churches and Convents of Goa,India
266,Group of Monuments at Pattadakal,India
267,Khajuraho Group of Monuments,India
1932,Group of Monuments at Hampi,India
269,Ajanta Caves,India
270,Ellora Caves,India
272,Elephanta Caves,India
274,"Sun Temple, Konârak",India
1947,Hill Forts of Rajasthan,India
277,Group of Monuments at Mahabalipuram,India
280,Great Living Chola Temples,India
281,Agra Fort,India
282,Taj Mahal,India
285,Fatehpur Sikri,India
382,Nanda Devi and Valley of Flowers National Parks  ,India
384,Kaziranga National Park,India
385,Manas Wildlife Sanctuary,India
387,Keoladeo National Park,India
524,Sundarbans National Park,India
613,Buddhist Monuments at Sanchi,India
2008,"Rani-ki-Vav (the Queen’s Stepwell) at Patan, Gujarat",India
1079,Rock Shelters of Bhimbetka,India
1540,Mountain Railways of India,India
1105,Chhatrapati Shivaji Terminus (formerly Victoria Terminus),India
1231,Mahabodhi Temple Complex at Bodh Gaya,India
1279,Champaner-Pavagadh Archaeological Park,India
1677,"The Jantar Mantar, Jaipur",India
1921,Western Ghats,India
2446,Santiniketan,India
2011,Great Himalayan National Park Conservation Area,India
2041,Victorian Gothic and Art Deco Ensembles of Mumbai,India
2089,"Archaeological Site of Nalanda Mahavihara at Nalanda, Bihar",India
2105,Khangchendzonga National Park,India
2144,Historic City of Ahmadabad,India
2310,"Kakatiya Rudreshwara (Ramappa) Temple, Telangana",India
2309,"Jaipur City, Rajasthan",India
2386,Dholavira: a Harappan City,India
2497,Sacred Ensembles of the Hoysalas,India
700,Borobudur Temple Compounds,Indonesia
701,Sangiran Early Man Site,Indonesia
722,Ujung Kulon National Park,Indonesia
723,Komodo National Park,Indonesia
762,Prambanan Temple Compounds,Indonesia
1118,Lorentz National Park,Indonesia
1344,Tropical Rainforest Heritage of Sumatra,Indonesia
1836,Cultural Landscape of Bali Province: the <em>Subak</em> System as a Manifestation of the <em>Tri Hita Karana</em> Philosophy,Indonesia
2311,Ombilin Coal Mining Heritage of Sawahlunto,Indonesia
2488,The Cosmological Axis of Yogyakarta and its Historic Landmarks,Indonesia
122,Tchogha Zanbil,Iran (Islamic Republic of)
123,Persepolis,Iran (Islamic Republic of)
125,"Meidan Emam, Esfahan",Iran (Islamic Republic of)
1254,Takht-e Soleyman,Iran (Islamic Republic of)
1284,Pasargadae,Iran (Islamic Republic of)
1365,Soltaniyeh,Iran (Islamic Republic of)
1564,Bam and its Cultural Landscape,Iran (Islamic Republic of)
1399,Bisotun,Iran (Islamic Republic of)
1542,Armenian Monastic Ensembles of Iran,Iran (Islamic Republic of)
1599,Shushtar Historical Hydraulic System,Iran (Islamic Republic of)
1680,Sheikh Safi al-din Khānegāh and Shrine Ensemble in Ardabil,Iran (Islamic Republic of)
1681,Tabriz Historic Bazaar Complex,Iran (Islamic Republic of)
1768,The Persian Garden,Iran (Islamic Republic of)
1821,Masjed-e Jāmé of Isfahan  ,Iran (Islamic Republic of)
1822,Gonbad-e Qābus,Iran (Islamic Republic of)
1888,Golestan Palace,Iran (Islamic Republic of)
2073,Cultural Landscape of Maymand,Iran (Islamic Republic of)
1999,Susa,Iran (Islamic Republic of)
2000,Shahr-i Sokhta,Iran (Islamic Republic of)
2095,Lut Desert,Iran (Islamic Republic of)
2096,The Persian Qanat,Iran (Islamic Republic of)
2148,Historic City of Yazd,Iran (Islamic Republic of)
2233,Sassanid Archaeological Landscape of Fars Region,Iran (Islamic Republic of)
2339,Trans-Iranian Railway,Iran (Islamic Republic of)
2389,Cultural Landscape of Hawraman/Uramanat,Iran (Islamic Republic of)
2438,The Persian Caravanserai,Iran (Islamic Republic of)
1456,Samarra Archaeological City,Iraq
309,Hatra,Iraq
2293,Babylon,Iraq
1310,Ashur (Qal'at Sherqat),Iraq
1980,Erbil Citadel,Iraq
2042,The Ahwar of Southern Iraq: Refuge of Biodiversity and the Relict Landscape of the Mesopotamian Cities,Iraq
780,Brú na Bóinne - Archaeological Ensemble of the Bend of the Boyne,Ireland
892,Sceilg Mhichíl,Ireland
1214,Masada,Israel
1217,Old City of Acre,Israel
1274,White City of Tel-Aviv – the Modern Movement,Israel
1286,Incense Route - Desert Cities in the Negev,Israel
1287,"Biblical Tels - Megiddo, Hazor, Beer Sheba",Israel
1581,Bahá’i Holy Places in Haifa and the Western Galilee,Israel
1969,Caves of Maresha and Bet-Guvrin in the Judean Lowlands as a Microcosm of the Land of the Caves,Israel
1818,Sites of Human Evolution at Mount Carmel: The Nahal Me’arot / Wadi el-Mughara Caves,Israel
2032,Necropolis of Bet She’arim: A Landmark of Jewish Renewal,Israel
100,Church and Dominican Convent of Santa Maria delle Grazie with “The Last Supper” by Leonardo da Vinci,Italy
101,Rock Drawings in Valcamonica,Italy
2514,Historic Centre of Florence,Italy
1891,Medici Villas and Gardens in Tuscany,Italy
454,Venice and its Lagoon,Italy
1558,"Piazza del Duomo, Pisa",Italy
459,Castel del Monte,Italy
646,"18th-Century Royal Palace at Caserta with the Park, the Aqueduct of Vanvitelli, and the San Leucio Complex",Italy
647,Historic Centre of San Gimignano,Italy
793,The Sassi and the Park of the Rupestrian Churches of Matera,Italy
843,City of Vicenza and the Palladian Villas of the Veneto,Italy
848,Historic Centre of Siena,Italy
1867,Historic Centre of Naples,Italy
862,Crespi d'Adda,Italy
867,"Ferrara, City of the Renaissance, and its Po Delta",Italy
930,The <I>Trulli</I> of Alberobello,Italy
931,Early Christian Monuments of Ravenna,Italy
932,Historic Centre of the City of Pienza,Italy
942,City of Verona,Italy
1736,Residences of the Royal House of Savoy,Italy
973,"Botanical Garden (Orto Botanico), Padua",Italy
2319,Archaeological Area and the Patriarchal Basilica of Aquileia,Italy
2458,"Portovenere, Cinque Terre, and the Islands (Palmaria, Tino and Tinetto)",Italy
976,"Cathedral, Torre Civica and Piazza Grande, Modena",Italy
977,Historic Centre of Urbino,Italy
2515,"Archaeological Areas of Pompei, Herculaneum and Torre Annunziata",Italy
979,Costiera Amalfitana,Italy
980,Archaeological Area of Agrigento,Italy
981,Villa Romana del Casale,Italy
982,Su Nuraxi di Barumini,Italy
993,"Cilento and Vallo di Diano National Park with the Archeological Sites of Paestum and Velia, and the Certosa di Padula",Italy
1060,Villa Adriana (Tivoli),Italy
1061,Isole Eolie (Aeolian Islands),Italy
1154,"Assisi, the Basilica of San Francesco and Other Franciscan Sites",Italy
1196,Late Baroque Towns of the Val di Noto (South-Eastern Sicily),Italy
1197,"Villa d'Este, Tivoli",Italy
1199,Val d'Orcia,Italy
1245,<I>Sacri Monti</I> of Piedmont and Lombardy,Italy
1338,Etruscan Necropolises of Cerveteri and Tarquinia,Italy
1377,Syracuse and the Rocky Necropolis of Pantalica,Italy
1388,Genoa: <i>Le Strade Nuove</i> and the system of the<i> Palazzi dei Rolli</i>,Italy
1609,The Dolomites,Italy
1518,Mantua and Sabbioneta,Italy
1780,Longobards in Italy. Places of the Power (568-774 A.D.),Italy
1971,Vineyard Landscape of Piedmont: Langhe-Roero and Monferrato,Italy
1910,Mount Etna,Italy
2048,Arab-Norman Palermo and the Cathedral Churches of Cefalú and Monreale,Italy
2409,"Ivrea, industrial city of the 20th century",Italy
2327,Le Colline del Prosecco di Conegliano e Valdobbiadene,Italy
2350,Padua’s fourteenth-century fresco cycles,Italy
2393,The Porticoes of Bologna,Italy
2480,Evaporitic Karst and Caves of Northern Apennines,Italy
2015,Blue and John Crow Mountains ,Jamaica
781,Buddhist Monuments in the Horyu-ji Area,Japan
782,Himeji-jo,Japan
783,Yakushima,Japan
784,Shirakami-Sanchi,Japan
814,"Historic Monuments of Ancient Kyoto (Kyoto, Uji and Otsu Cities)",Japan
868,Historic Villages of Shirakawa-go and Gokayama,Japan
917,Hiroshima Peace Memorial (Genbaku Dome),Japan
918,Itsukushima Shinto Shrine,Japan
1021,Historic Monuments of Ancient Nara,Japan
1066,Shrines and Temples of Nikko,Japan
1136,Gusuku Sites and Related Properties of the Kingdom of Ryukyu,Japan
2183,Sacred Sites and Pilgrimage Routes in the Kii Mountain Range,Japan
1370,Shiretoko,Japan
1737,Iwami Ginzan Silver Mine and its Cultural Landscape,Japan
1771,"Hiraizumi – Temples, Gardens and Archaeological Sites Representing the Buddhist Pure Land",Japan
1770,Ogasawara Islands,Japan
1883,"Fujisan, sacred place and source of artistic inspiration",Japan
1992,Tomioka Silk Mill and Related Sites,Japan
2045,"Sites of Japan’s Meiji Industrial Revolution: Iron and Steel, Shipbuilding and Coal Mining",Japan
2216,Hidden Christian Sites in the Nagasaki Region,Japan
2149,Sacred Island of Okinoshima and Associated Sites in the Munakata Region ,Japan
2340,"Amami-Oshima Island, Tokunoshima Island, Northern part of Okinawa Island, and Iriomote Island",Japan
2563,Mozu-Furuichi Kofun Group: Mounded Tombs of Ancient Japan,Japan
2370,Jomon Prehistoric Sites in Northern Japan,Japan
165,Old City of Jerusalem and its Walls,Jerusalem (Site proposed by Jordan)
370,Petra,Jordan
372,Quseir Amra,Jordan
2383,As-Salt - The Place of Tolerance and Urban Hospitality,Jordan
1271,Um er-Rasas (Kastrom Mefa'a),Jordan
1758,Wadi Rum Protected Area,Jordan
2019,Baptism Site “Bethany Beyond the Jordan” (Al-Maghtas),Jordan
1543,Saryarka – Steppe and Lakes of Northern Kazakhstan,Kazakhstan
1281,Mausoleum of Khoja Ahmed Yasawi,Kazakhstan
1326,Petroglyphs of the Archaeological Landscape of Tanbaly ,Kazakhstan
1902,Mount Kenya National Park/Natural Forest,Kenya
947,Lake Turkana National Parks,Kenya
1229,Lamu Old Town,Kenya
1749,Kenya Lake System in the Great Rift Valley,Kenya
1589,Sacred Mijikenda Kaya Forests,Kenya
1847,"Fort Jesus, Mombasa",Kenya
2312,Thimlich Ohinga Archaeological Site,Kenya
1683,Phoenix Islands Protected Area,Kiribati
1699,Sulaiman-Too Sacred Mountain,Kyrgyzstan
1954,Town of Luang Prabang,Lao People's Democratic Republic
560,Vat Phou and Associated Ancient Settlements within the Champasak Cultural Landscape,Lao People's Democratic Republic
2282,Megalithic Jar Sites in Xiengkhuang – Plain of Jars,Lao People's Democratic Republic
1003,Historic Centre of Riga,Latvia
2423,Old town of Kuldīga,Latvia
329,Anjar,Lebanon
330,Baalbek,Lebanon
331,Byblos,Lebanon
335,Tyre,Lebanon
1001,Ouadi Qadisha (the Holy Valley) and the Forest of the Cedars of God (Horsh Arz el-Rab),Lebanon
2518,Rachid Karami International Fair-Tripoli,Lebanon
203,Archaeological Site of Leptis Magna,Libya
204,Archaeological Site of Sabratha,Libya
211,Archaeological Site of Cyrene,Libya
321,Rock-Art Sites of Tadrart Acacus,Libya
2512,Old Town of Ghadamès,Libya
1929,Vilnius Historic Centre,Lithuania
1317,Kernavė  Archaeological Site (Cultural Reserve of Kernavė),Lithuania
2426,"Modernist Kaunas: Architecture of Optimism, 1919-1939",Lithuania
827,City of Luxembourg: its Old Quarters and Fortifications,Luxembourg
2420,Andrefana Dry Forests,Madagascar
1111,Royal Hill of Ambohimanga,Madagascar
1434,Rainforests of the Atsinanana,Madagascar
323,Lake Malawi National Park,Malawi
1450,Chongoni Rock-Art Area,Malawi
1182,Kinabalu Park,Malaysia
1183,Gunung Mulu National Park,Malaysia
1871,"Melaka and George Town, Historic Cities of the Straits of Malacca",Malaysia
1820,Archaeological Heritage of the Lenggong Valley,Malaysia
127,Old Towns of Djenné,Mali
131,Timbuktu,Mali
602,Cliff of Bandiagara (Land of the Dogons),Mali
1320,Tomb of Askia,Mali
142,Ħal Saflieni Hypogeum,Malta
143,City of Valletta,Malta
2121,Megalithic Temples of Malta,Malta
1684,Bikini Atoll Nuclear Test Site,Marshall Islands
590,Banc d'Arguin National Park,Mauritania
884,"Ancient <I>Ksour</I> of Ouadane, Chinguetti, Tichitt and Oualata",Mauritania
1404,Aapravasi Ghat,Mauritius
1860,Le Morne Cultural Landscape,Mauritius
473,Sian Ka'an,Mexico
474,Pre-Hispanic City and National Park of Palenque,Mexico
475,Historic Centre of Mexico City and Xochimilco,Mexico
477,Pre-Hispanic City of Teotihuacan,Mexico
478,Historic Centre of Oaxaca and Archaeological Site of Monte Albán,Mexico
479,Historic Centre of Puebla,Mexico
561,Historic Town of Guanajuato and Adjacent Mines,Mexico
562,Pre-Hispanic City of Chichen-Itza,Mexico
652,Whale Sanctuary of El Vizcaino,Mexico
662,"Archaeological Zone of Paquimé, Casas Grandes",Mexico
692,Historic Centre of Morelia,Mexico
749,"El Tajin, Pre-Hispanic City",Mexico
800,Historic Centre of Zacatecas,Mexico
2388,Earliest 16th-Century Monasteries on the Slopes of Popocatepetl,Mexico
845,Rock Paintings of the Sierra de San Francisco,Mexico
935,Pre-Hispanic Town of Uxmal,Mexico
936,Historic Monuments Zone of Querétaro,Mexico
963,"Hospicio Cabañas, Guadalajara",Mexico
1013,Historic Monuments Zone of Tlacotalpan,Mexico
1046,Historic Fortified Town of Campeche,Mexico
1094,Archaeological Monuments Zone of Xochicalco,Mexico
1963,"Ancient Maya City and Protected Tropical Forests of Calakmul, Campeche",Mexico
1256,Franciscan Missions in the Sierra Gorda of Querétaro,Mexico
1316,Luis Barragán House and Studio,Mexico
1873,Islands and Protected Areas of the Gulf of California,Mexico
1386,Agave Landscape and Ancient Industrial Facilities of Tequila,Mexico
1427,Central University City Campus of the <i>Universidad Nacional Autónoma de México</i> (UNAM),Mexico
1493,Protective town of San Miguel and the Sanctuary of Jesús Nazareno de Atotonilco,Mexico
1521,Monarch Butterfly Biosphere Reserve,Mexico
1691,Camino Real de Tierra Adentro,Mexico
1693,Prehistoric Caves of Yagul and Mitla in the Central Valley of Oaxaca,Mexico
1858,El Pinacate and Gran Desierto de Altar Biosphere Reserve,Mexico
2024,Aqueduct of Padre Tembleque Hydraulic System,Mexico
2102,Archipiélago de Revillagigedo,Mexico
2287,Tehuacán-Cuicatlán Valley: originary habitat of Mesoamerica,Mexico
2093,Nan Madol: Ceremonial Centre of Eastern Micronesia,Micronesia (Federated States of)
1259,Orkhon Valley Cultural Landscape,Mongolia
1773,Petroglyphic Complexes of the Mongolian Altai,Mongolia
2018,Great Burkhan Khaldun Mountain and its surrounding sacred landscape,Mongolia
2494,Deer Stone Monuments and Related Bronze Age Sites,Mongolia
109,Durmitor National Park,Montenegro
2122,Natural and Culturo-Historical Region of Kotor,Montenegro
188,Medina of Fez,Morocco
376,Medina of Marrakesh,Morocco
515,Ksar of Ait-Ben-Haddou,Morocco
888,Medina of Essaouira (formerly Mogador),Morocco
937,Historic City of Meknes,Morocco
1625,Archaeological Site of Volubilis,Morocco
986,Medina of Tétouan (formerly known as Titawin),Morocco
1234,Portuguese City of Mazagan (El Jadida),Morocco
1825,"Rabat, Modern Capital and Historic City: a Shared Heritage",Morocco
709,Island of Mozambique,Mozambique
1987,Pyu Ancient Cities,Myanmar
2283,Bagan,Myanmar
1432,Twyfelfontein or /Ui-//aes,Namibia
1915,Namib Sand Sea,Namibia
132,Sagarmatha National Park,Nepal
1448,Kathmandu Valley ,Nepal
318,Chitwan National Park,Nepal
788,"Lumbini, the Birthplace of the Lord Buddha",Nepal
872,Schokland and Surroundings,Netherlands (Kingdom of the)
2352,Dutch Water Defence Lines,Netherlands (Kingdom of the)
966,Mill Network at Kinderdijk-Elshout,Netherlands (Kingdom of the)
967,"Historic Area of Willemstad, Inner City and Harbour, Curaçao",Netherlands (Kingdom of the)
1018,Ir.D.F. Woudagemaal (D.F. Wouda Steam Pumping Station),Netherlands (Kingdom of the)
1051,Droogmakerij de Beemster (Beemster Polder),Netherlands (Kingdom of the)
1129,Rietveld Schröderhuis (Rietveld Schröder House),Netherlands (Kingdom of the)
1666,Seventeenth-Century Canal Ring Area of Amsterdam inside the Singelgracht,Netherlands (Kingdom of the)
1984,Van Nellefabriek,Netherlands (Kingdom of the)
2470,Eisinga Planetarium in Franeker,Netherlands (Kingdom of the)
487,Tongariro National Park,New Zealand
648,Te Wahipounamu – South West New Zealand,New Zealand
1029,New Zealand Sub-Antarctic Islands,New Zealand
728,Ruins of León Viejo,Nicaragua
1789,León Cathedral,Nicaragua
678,Air and Ténéré Natural Reserves,Niger
1905,Historic Centre of Agadez,Niger
1093,Sukur Cultural Landscape,Nigeria
1298,Osun-Osogbo Sacred Grove,Nigeria
1667,Røros Mining Town and the Circumference,Norway
62,Urnes Stave Church,Norway
63,Bryggen,Norway
403,Rock Art of Alta,Norway
2254,Vegaøyan – The Vega Archipelago,Norway
1372,West Norwegian Fjords – Geirangerfjord and Nærøyfjord,Norway
2047,Rjukan-Notodden Industrial Heritage Site,Norway
502,Bahla Fort,Oman
503,"Archaeological Sites of Bat, Al-Khutm and Al-Ayn",Oman
1180,Land of Frankincense,Oman
1384,<i>Aflaj</i> Irrigation Systems of Oman,Oman
2217,Ancient City of Qalhat,Oman
151,Archaeological Ruins at Moenjodaro,Pakistan
153,Taxila,Pakistan
154,Buddhist Ruins of Takht-i-Bahi and Neighbouring City Remains at Sahr-i-Bahlol,Pakistan
158,"Historical Monuments at Makli, Thatta",Pakistan
189,Fort and Shalamar Gardens in Lahore,Pakistan
693,Rohtas Fort,Pakistan
1801,Rock Islands Southern Lagoon,Palau
148,Fortifications on the Caribbean Side of Panama: Portobelo-San Lorenzo,Panama
177,Darien National Park,Panama
934,Archaeological Site of Panamá Viejo and Historic District of Panamá,Panama
1319,Coiba National Park and its Special Zone of Marine Protection,Panama
1546,Kuk Early Agricultural Site,Papua New Guinea
768,Jesuit Missions of La Santísima Trinidad de Paraná and Jesús de Tavarangue,Paraguay
304,City of Cuzco,Peru
305,Historic Sanctuary of Machu Picchu,Peru
375,Chavin (Archaeological Site),Peru
379,Huascarán National Park,Peru
419,Chan Chan Archaeological Zone,Peru
1705,Manú National Park,Peru
2564,Historic Centre of Lima,Peru
644,Río Abiseo National Park,Peru
828,Lines and Geoglyphs of Nasca and Palpa,Peru
1186,Historical Centre of the City of Arequipa,Peru
1615,Sacred City of Caral-Supe,Peru
2348,Chankillo Archaeoastronomical Complex,Peru
586,Historic City of Vigan,Philippines
773,Puerto-Princesa Subterranean River National Park,Philippines
1554,Tubbataha Reefs Natural Park,Philippines
1955,Baroque Churches of the Philippines,Philippines
853,Rice Terraces of the Philippine Cordilleras,Philippines
2010,Mount Hamiguitan Range Wildlife Sanctuary,Philippines
1739,Historic Centre of Kraków,Poland
2068,Historic Centre of Warsaw,Poland
34,Auschwitz Birkenau <br /><small>German Nazi Concentration and Extermination Camp (1940-1945)</small>,Poland
1854,Wieliczka and Bochnia Royal Salt Mines,Poland
666,Old City of Zamość,Poland
984,Medieval Town of Toruń,Poland
998,Castle of the Teutonic Order in Malbork,Poland
1058,Kalwaria Zebrzydowska: the Mannerist Architectural and Park Landscape Complex and Pilgrimage Park,Poland
1489,Wooden Churches of Southern Małopolska,Poland
1228,Churches of Peace in Jawor and Świdnica,Poland
1343,Centennial Hall in Wrocław,Poland
2165,Tarnowskie Góry Lead-Silver-Zinc Mine and its Underground Water Management System,Poland
2302,Krzemionki Prehistoric Striped Flint Mining Region,Poland
227,Central Zone of the Town of Angra do Heroismo in the Azores,Portugal
1630,Monastery of the Hieronymites and Tower of Belém in Lisbon,Portugal
294,Monastery of Batalha,Portugal
295,Convent of Christ in Tomar,Portugal
414,Historic Centre of Évora,Portugal
589,Monastery of Alcobaça,Portugal
854,Cultural Landscape of Sintra,Portugal
890,"Historic Centre of Oporto, Luiz I Bridge and Monastery of Serra do Pilar ",Portugal
1090,Laurisilva of Madeira,Portugal
2485,Historic Centre of Guimarães and Couros Zone,Portugal
1220,Alto Douro Wine Region,Portugal
1297,Landscape of the Pico Island Vineyard Culture,Portugal
1956,Garrison Border Town of Elvas and its Fortifications,Portugal
2360,University of Coimbra – Alta and Sofia,Portugal
2276,"Royal Building of <i>Mafra</i> – Palace, Basilica, Convent, <i>Cerco</i> Garden and Hunting Park (<i>Tapada</i>)",Portugal
2280,Sanctuary of Bom Jesus do Monte in Braga,Portugal
1948,Al Zubarah Archaeological Site,Qatar
869,Seokguram Grotto and Bulguksa Temple,Republic of Korea
870,"Haeinsa Temple Janggyeong Panjeon, the Depositories for the <I>Tripitaka Koreana</I> Woodblocks",Republic of Korea
871,Jongmyo Shrine,Republic of Korea
964,Changdeokgung Palace Complex,Republic of Korea
965,Hwaseong Fortress,Republic of Korea
1140,Gyeongju Historic Areas,Republic of Korea
1141,"Gochang, Hwasun and Ganghwa Dolmen Sites",Republic of Korea
2314,Jeju Volcanic Island and Lava Tubes,Republic of Korea
1957,Royal Tombs of the Joseon Dynasty,Republic of Korea
1688,Historic Villages of Korea: Hahoe and Yangdong,Republic of Korea
1982,Namhansanseong,Republic of Korea
2038,Baekje Historic Areas,Republic of Korea
2278,"Seowon, Korean Neo-Confucian Academies",Republic of Korea
2227,"Sansa, Buddhist Mountain Monasteries in Korea",Republic of Korea
2343,"Getbol, Korean Tidal Flats",Republic of Korea
2432,Gaya Tumuli,Republic of Korea
695,Danube Delta,Romania
705,Villages with Fortified Churches in Transylvania,Romania
706,Monastery of Horezu,Romania
1728,Churches of Moldavia,Romania
1055,Historic Centre of Sighişoara,Romania
1057,Wooden Churches of Maramureş,Romania
1059,Dacian Fortresses of the Orastie Mountains,Romania
2402,Roșia Montană Mining Landscape,Romania
1958,Historic Centre of Saint Petersburg and Related Groups of Monuments,Russian Federation
639,Kizhi Pogost,Russian Federation
640,"Kremlin and Red Square, Moscow",Russian Federation
716,Historic Monuments of Novgorod and Surroundings,Russian Federation
750,Cultural and Historic Ensemble of the Solovetsky Islands,Russian Federation
752,White Monuments of Vladimir and Suzdal,Russian Federation
754,"Church of the Ascension, Kolomenskoye",Russian Federation
778,Architectural Ensemble of the Trinity Sergius Lavra in Sergiev Posad,Russian Federation
850,Virgin Komi Forests,Russian Federation
889,Lake Baikal,Russian Federation
902,Volcanoes of Kamchatka,Russian Federation
2211,Central Sikhote-Alin,Russian Federation
907,Golden Mountains of Altai,Russian Federation
1052,Western Caucasus,Russian Federation
1144,Historic and Architectural Complex of the Kazan Kremlin,Russian Federation
2009,Bolgar Historical and Archaeological Complex,Russian Federation
1146,Ensemble of the Ferapontov Monastery,Russian Federation
1194,Natural System of Wrangel Island Reserve,Russian Federation
1247,"Citadel, Ancient City and Fortress Buildings of Derbent",Russian Federation
1275,Ensemble of the Novodevichy Convent,Russian Federation
1347,Historical Centre of the City of Yaroslavl,Russian Federation
1644,Putorana Plateau,Russian Federation
2116,Lena Pillars Nature Park,Russian Federation
2269,Churches of the Pskov School of Architecture,Russian Federation
2168,Assumption Cathedral and Monastery of the town-island of Sviyazhsk,Russian Federation
2401,Petroglyphs of Lake Onega and the White Sea,Russian Federation
2500,Astronomical Observatories of Kazan Federal University,Russian Federation
2522,"Memorial sites of the Genocide: Nyamata, Murambi, Gisozi and Bisesero",Rwanda
2492,Nyungwe National Park,Rwanda
1063,Brimstone Hill Fortress National Park,Saint Kitts and Nevis
1341,Pitons Management Area,Saint Lucia
1535,San Marino Historic Centre and Mount Titano,San Marino
1524,Hegra Archaeological Site (al-Hijr / Madā ͐ in Ṣāliḥ),Saudi Arabia
1659,At-Turaif District in ad-Dir'iyah,Saudi Arabia
1968,"Historic Jeddah, the Gate to Makkah",Saudi Arabia
2033,Rock Art in the Hail Region of Saudi Arabia,Saudi Arabia
2228,"Al-Ahsa Oasis, an Evolving Cultural Landscape",Saudi Arabia
2338,Ḥimā Cultural Area,Saudi Arabia
2495,‘Uruq Bani Ma’arid,Saudi Arabia
28,Djoudj National Bird Sanctuary,Senegal
29,Island of Gorée,Senegal
171,Niokolo-Koba National Park,Senegal
1561,Island of Saint-Louis,Senegal
1754,Saloum Delta,Senegal
1832,"Bassari Country: Bassari, Fula and Bedik Cultural Landscapes",Senegal
104,Stari Ras and Sopoćani,Serbia
449,Studenica Monastery,Serbia
856,Medieval Monuments in Kosovo,Serbia
1430,"Gamzigrad-Romuliana, Palace of Galerius",Serbia
205,Aldabra Atoll,Seychelles
291,Vallée de Mai Nature Reserve,Seychelles
2044,Singapore Botanic Gardens,Singapore
734,Historic Town of Banská Štiavnica and the Technical Monuments in its Vicinity,Slovakia
1537,"Levoča, Spišský Hrad and the Associated Cultural Monuments",Slovakia
740,Vlkolínec,Slovakia
1137,Bardejov Town Conservation Reserve,Slovakia
1491,Wooden Churches of the Slovak part of the Carpathian Mountain Area,Slovakia
450,Škocjan Caves,Slovenia
2516,The works of Jože Plečnik in Ljubljana – Human Centred Urban Design,Slovenia
1005,East Rennell,Solomon Islands
1067,iSimangaliso Wetland Park,South Africa
1069,Fossil Hominid Sites of South Africa,South Africa
1070,Robben Island,South Africa
2013,Cape Floral Region Protected Areas,South Africa
2061,Mapungubwe Cultural Landscape,South Africa
1342,Vredefort Dome,South Africa
1442,Richtersveld Cultural and Botanical Landscape,South Africa
2133,ǂKhomani Cultural Landscape,South Africa
2240,Barberton Makhonjwa Mountains,South Africa
1506,Cave of Altamira and Paleolithic Cave Art of Northern Spain,Spain
2124,Old Town of Segovia and its Aqueduct,Spain
353,Monuments of Oviedo and the Kingdom of the Asturias,Spain
355,Historic Centre of Cordoba,Spain
357,"Alhambra, Generalife and Albayzín, Granada",Spain
2070,Burgos Cathedral,Spain
361,"Monastery and Site of the Escurial, Madrid",Spain
364,Works of Antoni Gaudí ,Spain
395,Santiago de Compostela (Old Town),Spain
1562,Old Town of Ávila with its Extra-Muros Churches,Spain
2188,Mudejar Architecture of Aragon,Spain
435,Historic City of Toledo,Spain
436,Garajonay National Park,Spain
439,Old City of Salamanca,Spain
1747,"Cathedral, Alcázar and Archivo de Indias in Seville",Spain
2189,Old Town of Cáceres,Spain
481,"Ibiza, Biodiversity and Culture",Spain
605,Poblet Monastery,Spain
611,Renaissance Monumental Ensembles of Úbeda and Baeza,Spain
785,Archaeological Ensemble of Mérida,Spain
786,Royal Monastery of Santa María de Guadalupe,Spain
2055,Routes of Santiago de Compostela: <i>Camino Francés</i> and Routes of Northern Spain ,Spain
810,Doñana National Park,Spain
924,Historic Walled Town of Cuenca,Spain
925,La Lonja de la Seda de Valencia,Spain
949,Las Médulas,Spain
1631,"Palau de la Música Catalana and Hospital de Sant Pau, Barcelona",Spain
951,San Millán Yuso and Suso Monasteries,Spain
1026,Rock Art of the Mediterranean Basin on the Iberian Peninsula,Spain
1027,Archaeological Ensemble of Tarraco,Spain
1028,University and Historic Precinct of Alcalá de Henares,Spain
1084,San Cristóbal de La Laguna,Spain
1085,Palmeral of Elche,Spain
1151,Roman Walls of Lugo,Spain
1152,Catalan Romanesque Churches of the Vall de Boí,Spain
1153,Archaeological Site of Atapuerca,Spain
1218,Aranjuez Cultural Landscape,Spain
1394,Vizcaya Bridge,Spain
1435,Teide National Park,Spain
1616,Tower of Hercules,Spain
1781,Cultural Landscape of the Serra de Tramuntana,Spain
2088,Antequera Dolmens Site,Spain
2421,Prehistoric Sites of Talayotic Menorca,Spain
2225,Caliphate City of Medina Azahara,Spain
2263,Risco Caido and the Sacred Mountains of Gran Canaria Cultural Landscape,Spain
2571,"Paseo del Prado and Buen Retiro, a landscape of Arts and Sciences",Spain
221,Sacred City of Anuradhapura,Sri Lanka
222,Ancient City of Polonnaruwa,Sri Lanka
223,Ancient City of Sigiriya,Sri Lanka
468,Sinharaja Forest Reserve,Sri Lanka
522,Sacred City of Kandy,Sri Lanka
523,Old Town of Galle and its Fortifications,Sri Lanka
663,Rangiri Dambulla Cave Temple,Sri Lanka
1650,Central Highlands of Sri Lanka,Sri Lanka
1922,"Birthplace of Jesus: Church of the Nativity and the Pilgrimage Route, Bethlehem",State of Palestine
2012,"Palestine: Land of Olives and Vines – Cultural Landscape of Southern Jerusalem, Battir",State of Palestine
2230,Hebron/Al-Khalil Old Town,State of Palestine
2475,Ancient Jericho/Tell es-Sultan,State of Palestine
2177,Sanganeb Marine National Park and Dungonab Bay – Mukkawar Island Marine National Park,Sudan
1250,Gebel Barkal and the Sites of the Napatan Region,Sudan
1760,Archaeological Sites of the Island of Meroe,Sudan
1096,Historic Inner City of Paramaribo,Suriname
1187,Central Suriname Nature Reserve,Suriname
2467,Jodensavanne Archaeological Site: Jodensavanne Settlement and Cassipora Creek Cemetery,Suriname
653,Birka and Hovgården,Sweden
655,Engelsberg Ironworks,Sweden
657,Rock Carvings in Tanum,Sweden
659,Skogskyrkogården,Sweden
2361,Royal Domain of Drottningholm,Sweden
864,Hanseatic Town of Visby,Sweden
898,"Church Town of Gammelstad, Luleå ",Sweden
916,Laponian Area,Sweden
1022,Naval Port of Karlskrona,Sweden
1132,Agricultural Landscape of Southern Öland,Sweden
1200,Mining Area of the Great Copper Mountain in Falun,Sweden
1314,"Grimeton Radio Station, Varberg",Sweden
1814,Decorated Farmhouses of Hälsingland,Sweden
297,Old City of Berne,Switzerland
298,Abbey of St Gall,Switzerland
299,Benedictine Convent of St John at Müstair,Switzerland
2572,"Three Castles, Defensive Wall and Ramparts of the Market-Town of Bellinzona",Switzerland
1211,Swiss Alps Jungfrau-Aletsch,Switzerland
1497,Swiss Tectonic Arena Sardona,Switzerland
1420,"Lavaux, Vineyard Terraces",Switzerland
1582,"La Chaux-de-Fonds / Le Locle, Watchmaking Town Planning",Switzerland
1862,Ancient City of Damascus,Syrian Arab Republic
24,Ancient City of Aleppo,Syrian Arab Republic
2209,Ancient City of Bosra,Syrian Arab Republic
2256,Site of Palmyra,Syrian Arab Republic
1406,Crac des Chevaliers and Qal’at Salah El-Din,Syrian Arab Republic
1761,Ancient Villages of Northern Syria,Syrian Arab Republic
1651,Proto-urban Site of Sarazm,Tajikistan
1907,Tajik National Park (Mountains of the Pamirs),Tajikistan
2472,Tugay forests of the Tigrovaya Balka Nature Reserve,Tajikistan
679,Historic Town of Sukhothai and Associated Historic Towns,Thailand
680,Ban Chiang Archaeological Site,Thailand
681,Historic City of Ayutthaya,Thailand
698,Dong Phayayen-Khao Yai Forest Complex,Thailand
699,Thungyai-Huai Kha Khaeng Wildlife Sanctuaries,Thailand
2394,Kaeng Krachan Forest Complex,Thailand
2489,The Ancient Town of Si Thep and its Associated Dvaravati Monuments,Thailand
11,Ichkeul National Park,Tunisia
1744,Medina of Tunis,Tunisia
41,Archaeological Site of Carthage,Tunisia
1741,Amphitheatre of El Jem,Tunisia
378,Punic Town of Kerkuane and its Necropolis,Tunisia
1743,Medina of Sousse,Tunisia
1742,Kairouan,Tunisia
938,Dougga / Thugga,Tunisia
2498,Djerba: Testimony to a settlement pattern in an island territory,Tunisia
2255,Historic Areas of Istanbul,Türkiye
410,Göreme National Park and the Rock Sites of Cappadocia,Türkiye
411,Great Mosque and Hospital of Divriği,Türkiye
432,Hattusha: the Hittite Capital,Türkiye
520,Nemrut Dağ,Türkiye
563,Xanthos-Letoon,Türkiye
564,Hierapolis-Pamukkale,Türkiye
729,City of Safranbolu,Türkiye
1000,Archaeological Site of Troy,Türkiye
2014,Ephesus,Türkiye
1784,Selimiye Mosque and its Social Complex,Türkiye
1829,Neolithic Site of Çatalhöyük,Türkiye
1995,Bursa and Cumalıkızık: the Birth of the Ottoman Empire,Türkiye
2001,Pergamon and its Multi-Layered Cultural Landscape,Türkiye
2049,Diyarbakır Fortress and Hevsel Gardens Cultural Landscape,Türkiye
2110,Archaeological Site of Ani,Türkiye
2170,Aphrodisias,Türkiye
2237,Göbekli Tepe,Türkiye
2351,Arslantepe Mound,Türkiye
2439,Gordion,Türkiye
2482,Wooden Hypostyle Mosques of Medieval Anatolia,Türkiye
1038,State Historical and Cultural Park “Ancient Merv”,Turkmenistan
1376,Kunya-Urgench,Turkmenistan
1471,Parthian Fortresses of Nisa,Turkmenistan
806,Bwindi Impenetrable National Park,Uganda
808,Rwenzori Mountains National Park,Uganda
1192,Tombs of Buganda Kings at Kasubi,Uganda
2412,"Kyiv: Saint-Sophia Cathedral and Related Monastic Buildings, Kyiv-Pechersk Lavra",Ukraine
1632,L'viv – the Ensemble of the Historic Centre,Ukraine
1785,Residence of Bukovinian and Dalmatian Metropolitans,Ukraine
1895,Ancient City of Tauric Chersonese and its Chora,Ukraine
2519,The Historic Centre of Odesa,Ukraine
1762,"Cultural Sites of Al Ain (Hafit, Hili, Bidaa Bint Saud and Oases Areas)",United Arab Emirates
2178,Giant's Causeway and Causeway Coast,United Kingdom of Great Britain and Northern Ireland
1634,Durham Castle and Cathedral,United Kingdom of Great Britain and Northern Ireland
425,Ironbridge Gorge,United Kingdom of Great Britain and Northern Ireland
1930,Studley Royal Park including the Ruins of Fountains Abbey,United Kingdom of Great Britain and Northern Ireland
1633,"Stonehenge, Avebury and Associated Sites",United Kingdom of Great Britain and Northern Ireland
429,Castles and Town Walls of King Edward in Gwynedd,United Kingdom of Great Britain and Northern Ireland
2202,St Kilda,United Kingdom of Great Britain and Northern Ireland
2171,The English Lake District,United Kingdom of Great Britain and Northern Ireland
492,Blenheim Palace,United Kingdom of Great Britain and Northern Ireland
1635,Palace of Westminster and Westminster Abbey including Saint Margaret’s Church,United Kingdom of Great Britain and Northern Ireland
495,City of Bath,United Kingdom of Great Britain and Northern Ireland
497,New Lanark,United Kingdom of Great Britain and Northern Ireland
566,Henderson Island,United Kingdom of Great Britain and Northern Ireland
567,Tower of London,United Kingdom of Great Britain and Northern Ireland
578,"Canterbury Cathedral, St Augustine's Abbey, and St Martin's Church",United Kingdom of Great Britain and Northern Ireland
2125,Heart of Neolithic Orkney,United Kingdom of Great Britain and Northern Ireland
860,Old and New Towns of Edinburgh,United Kingdom of Great Britain and Northern Ireland
874,Gough and Inaccessible Islands,United Kingdom of Great Britain and Northern Ireland
939,Maritime Greenwich,United Kingdom of Great Britain and Northern Ireland
1147,"Historic Town of St George and Related Fortifications, Bermuda",United Kingdom of Great Britain and Northern Ireland
1148,Blaenavon Industrial Landscape,United Kingdom of Great Britain and Northern Ireland
1201,Saltaire,United Kingdom of Great Britain and Northern Ireland
1202,Dorset and East Devon Coast,United Kingdom of Great Britain and Northern Ireland
1203,Derwent Valley Mills,United Kingdom of Great Britain and Northern Ireland
1262,"Royal Botanic Gardens, Kew",United Kingdom of Great Britain and Northern Ireland
1392,Cornwall and West Devon Mining Landscape,United Kingdom of Great Britain and Northern Ireland
1583,Pontcysyllte Aqueduct and Canal,United Kingdom of Great Britain and Northern Ireland
2046,The Forth Bridge,United Kingdom of Great Britain and Northern Ireland
2087,Gorham's Cave Complex,United Kingdom of Great Britain and Northern Ireland
2285,Jodrell Bank Observatory,United Kingdom of Great Britain and Northern Ireland
2371,The Slate Landscape of Northwest Wales,United Kingdom of Great Britain and Northern Ireland
1639,Ngorongoro Conservation Area,United Republic of Tanzania
159,Ruins of Kilwa Kisiwani and Ruins of Songo Mnara,United Republic of Tanzania
174,Serengeti National Park,United Republic of Tanzania
192,Stone Town of Zanzibar,United Republic of Tanzania
1924,Selous Game Reserve,United Republic of Tanzania
466,Kilimanjaro National Park,United Republic of Tanzania
1449,Kondoa Rock-Art Sites,United Republic of Tanzania
30,Mesa Verde National Park,United States of America
31,Yellowstone National Park,United States of America
81,Grand Canyon National Park,United States of America
82,Everglades National Park,United States of America
84,Independence Hall,United States of America
147,Redwood National and State Parks,United States of America
168,Mammoth Cave National Park,United States of America
169,Olympic National Park,United States of America
2191,Cahokia Mounds State Historic Site,United States of America
289,Great Smoky Mountains National Park,United States of America
2192,La Fortaleza and San Juan National Historic Site in Puerto Rico,United States of America
346,Statue of Liberty,United States of America
347,Yosemite National Park,United States of America
405,Chaco Culture,United States of America
472,Hawaii Volcanoes National Park,United States of America
2126,Monticello and the University of Virginia in Charlottesville,United States of America
573,Taos Pueblo,United States of America
852,Carlsbad Caverns National Park,United States of America
1672,Papahānaumokuākea,United States of America
1978,Monumental Earthworks of Poverty Point,United States of America
2027,San Antonio Missions,United States of America
2322,The 20th-Century Architecture of Frank Lloyd Wright,United States of America
2477,Hopewell Ceremonial Earthworks,United States of America
881,Historic Quarter of the City of Colonia del Sacramento,Uruguay
2025,Fray Bentos Industrial Landscape,Uruguay
2324,The work of engineer Eladio Dieste: Church of Atlántida,Uruguay
638,Itchan Kala,Uzbekistan
2184,Historic Centre of Bukhara,Uzbekistan
715,Samarkand  – Crossroad of Cultures,Uzbekistan
1037,Historic Centre of Shakhrisyabz,Uzbekistan
1511,Chief Roi Mata’s Domain,Vanuatu
779,Coro and its Port,Venezuela (Bolivarian Republic of)
829,Canaima National Park,Venezuela (Bolivarian Republic of)
1150,Ciudad Universitaria de Caracas,Venezuela (Bolivarian Republic of)
2452,Ha Long Bay - Cat Ba Archipelago,Viet Nam
802,Complex of Hué Monuments,Viet Nam
1109,Hoi An Ancient Town,Viet Nam
1110,My Son Sanctuary,Viet Nam
2059,Phong Nha-Ke Bang National Park,Viet Nam
1689,Central Sector of the Imperial Citadel of Thang Long - Hanoi,Viet Nam
1775,Citadel of the Ho Dynasty,Viet Nam
2179,Trang An Landscape Complex,Viet Nam
213,Old Walled City of Shibam,Yemen
444,Old City of Sana'a,Yemen
725,Historic Town of Zabid,Yemen
1548,Socotra Archipelago,Yemen
2505,"Landmarks of the Ancient Kingdom of Saba, Marib",Yemen
339,"Mana Pools National Park, Sapi and Chewore Safari Areas",Zimbabwe
345,Matobo Hills,Zimbabwe
417,Great Zimbabwe National Monument,Zimbabwe
418,Khami Ruins National Monument,Zimbabwe
2513,Ancient and Primeval Beech Forests of the Carpathians and Other Regions of Europe,Albania
2313,Natural and Cultural Heritage of the Ohrid region,Albania
2085,"The Architectural Work of Le Corbusier, an Outstanding Contribution to the Modern Movement",Argentina
2003,"Qhapaq Ñan, Andean Road System",Argentina